{
  "formatVersion": 1,
  "database": {
    "version": 2,
    "identityHash": "a75feb1cf8e76813d48f2325cf441dcc",
    "entities": [
      {
        "tableName": "USER_TABLE",
        "createSql": "CREATE TABLE IF NOT EXISTS `${TABLE_NAME}` (`mUserID` INTEGER PRIMARY KEY AUTOINCREMENT NOT NULL, `mUsername` TEXT, `mPassword` TEXT, `isAdmin` INTEGER, `mDate` INTEGER)",
        "fields": [
          {
            "fieldPath": "mUserID",
            "columnName": "mUserID",
            "affinity": "INTEGER",
            "notNull": true
          },
          {
            "fieldPath": "mUsername",
            "columnName": "mUsername",
            "affinity": "TEXT",
            "notNull": false
          },
          {
            "fieldPath": "mPassword",
            "columnName": "mPassword",
            "affinity": "TEXT",
            "notNull": false
          },
          {
            "fieldPath": "isAdmin",
            "columnName": "isAdmin",
            "affinity": "INTEGER",
            "notNull": false
          },
          {
            "fieldPath": "mDate",
            "columnName": "mDate",
            "affinity": "INTEGER",
            "notNull": false
          }
        ],
        "primaryKey": {
          "autoGenerate": true,
          "columnNames": [
            "mUserID"
          ]
        },
        "indices": [],
        "foreignKeys": []
      },
      {
        "tableName": "LIST_TABLE",
        "createSql": "CREATE TABLE IF NOT EXISTS `${TABLE_NAME}` (`mListID` INTEGER PRIMARY KEY AUTOINCREMENT NOT NULL, `mUserID` INTEGER NOT NULL, `mDate` INTEGER, `mListItem` TEXT)",
        "fields": [
          {
            "fieldPath": "mListID",
            "columnName": "mListID",
            "affinity": "INTEGER",
            "notNull": true
          },
          {
            "fieldPath": "mUserID",
            "columnName": "mUserID",
            "affinity": "INTEGER",
            "notNull": true
          },
          {
            "fieldPath": "mDate",
            "columnName": "mDate",
            "affinity": "INTEGER",
            "notNull": false
          },
          {
            "fieldPath": "mListItem",
            "columnName": "mListItem",
            "affinity": "TEXT",
            "notNull": false
          }
        ],
        "primaryKey": {
          "autoGenerate": true,
          "columnNames": [
            "mListID"
          ]
        },
        "indices": [],
        "foreignKeys": []
      }
    ],
    "views": [],
    "setupQueries": [
      "CREATE TABLE IF NOT EXISTS room_master_table (id INTEGER PRIMARY KEY,identity_hash TEXT)",
      "INSERT OR REPLACE INTO room_master_table (id,identity_hash) VALUES(42, 'a75feb1cf8e76813d48f2325cf441dcc')"
    ]
  }
}